sample_id,source,is_synthetic,synthetic_type,doc_id,section,category,title,published_at,text,topic,stance,sentiment,topic_id,stance_id,sentiment_id,date,year,is_boilerplate_candidate
synthetic_000000,synthetic,True,rare_joint,,,synthetic,,,Дальнейшее ослабление рубля может усилить перенос курсовой динамики в цены широкого круга импортозависимых товаров.,Exchange rate,Forward-looking,Hawkish,9,0,0,,,False
synthetic_000001,synthetic,True,rare_joint,,,synthetic,,,При сохранении повышенного спроса на иностранную валюту курсовое давление будет формировать дополнительные проинфляционные импульсы.,Exchange rate,Forward-looking,Hawkish,9,0,0,,,False
synthetic_000002,synthetic,True,rare_joint,,,synthetic,,,Вероятное снижение курса рубля в ближайшие месяцы способно ускорить рост потребительских цен через удорожание импортных поставок.,Exchange rate,Forward-looking,Hawkish,9,0,0,,,False
synthetic_000003,synthetic,True,rare_joint,,,synthetic,,,"Если давление на валютном рынке усилится, вклад курсового фактора в инфляцию может стать более значимым.",Exchange rate,Forward-looking,Hawkish,9,0,0,,,False
synthetic_000004,synthetic,True,rare_joint,,,synthetic,,,Ожидаемое расширение валютного спроса со стороны импортеров может привести к ослаблению рубля и усилению ценового давления.,Exchange rate,Forward-looking,Hawkish,9,0,0,,,False
synthetic_000005,synthetic,True,rare_joint,,,synthetic,,,Дальнейшая волатильность курса рубля будет повышать неопределенность ценовой политики компаний и поддерживать инфляционное давление.,Exchange rate,Forward-looking,Hawkish,9,0,0,,,False
synthetic_000006,synthetic,True,rare_joint,,,synthetic,,,"В случае устойчивого ослабления рубля издержки производителей, зависящих от импортных компонентов, могут расти быстрее.",Exchange rate,Forward-looking,Hawkish,9,0,0,,,False
synthetic_000007,synthetic,True,rare_joint,,,synthetic,,,Сохранение пониженного предложения иностранной валюты на внутреннем рынке может усилить давление на курс рубля и цены.,Exchange rate,Forward-looking,Hawkish,9,0,0,,,False
synthetic_000008,synthetic,True,rare_joint,,,synthetic,,,"При ухудшении баланса спроса и предложения на валютном рынке рубль может ослабнуть, что ускорит инфляционную подстройку.",Exchange rate,Forward-looking,Hawkish,9,0,0,,,False
synthetic_000009,synthetic,True,rare_joint,,,synthetic,,,Более слабый курс рубля в прогнозном периоде будет ограничивать замедление инфляции через рост рублевых цен на импорт.,Exchange rate,Forward-looking,Hawkish,9,0,0,,,False
synthetic_000010,synthetic,True,rare_joint,,,synthetic,,,Возобновление давления на рубль может потребовать более жестких денежно-кредитных условий для сдерживания вторичных ценовых эффектов.,Exchange rate,Forward-looking,Hawkish,9,0,0,,,False
synthetic_000011,synthetic,True,rare_joint,,,synthetic,,,"Если курсовые ожидания участников рынка ухудшатся, перенос ослабления рубля в цены может усилиться.",Exchange rate,Forward-looking,Hawkish,9,0,0,,,False
synthetic_000012,synthetic,True,rare_joint,,,synthetic,,,Дальнейшее смещение валютного спроса в сторону покупки иностранной валюты будет создавать дополнительное инфляционное давление.,Exchange rate,Forward-looking,Hawkish,9,0,0,,,False
synthetic_000013,synthetic,True,rare_joint,,,synthetic,,,Ослабление рубля в предстоящие кварталы может повысить инфляционные издержки компаний и ускорить пересмотр розничных цен.,Exchange rate,Forward-looking,Hawkish,9,0,0,,,False
synthetic_000014,synthetic,True,rare_joint,,,synthetic,,,При сохранении повышенной чувствительности цен к курсу рубля его дальнейшее снижение будет усиливать проинфляционные риски.,Exchange rate,Forward-looking,Hawkish,9,0,0,,,False
synthetic_000015,synthetic,True,rare_joint,,,synthetic,,,Новый эпизод ослабления рубля способен замедлить возвращение инфляции к цели за счет роста стоимости импортируемых товаров.,Exchange rate,Forward-looking,Hawkish,9,0,0,,,False
synthetic_000016,synthetic,True,rare_joint,,,synthetic,,,В случае усиления спроса на наличную и безналичную иностранную валюту курсовое давление может стать источником ускорения цен.,Exchange rate,Forward-looking,Hawkish,9,0,0,,,False
synthetic_000017,synthetic,True,rare_joint,,,synthetic,,,Дальнейшая переоценка рубля вниз будет повышать стоимость импортных контрактов и поддерживать повышенные инфляционные ожидания бизнеса.,Exchange rate,Forward-looking,Hawkish,9,0,0,,,False
synthetic_000018,synthetic,True,rare_joint,,,synthetic,,,"Если предложение иностранной валюты останется недостаточным, возможное ослабление рубля усилит давление на цены потребительского импорта.",Exchange rate,Forward-looking,Hawkish,9,0,0,,,False
synthetic_000019,synthetic,True,rare_joint,,,synthetic,,,Устойчивое снижение курса рубля в прогнозном горизонте будет увеличивать вероятность более продолжительного периода повышенной инфляции.,Exchange rate,Forward-looking,Hawkish,9,0,0,,,False
synthetic_000020,synthetic,True,rare_joint,,,synthetic,,,При усилении курсового давления компании могут чаще закладывать ожидаемое ослабление рубля в цены конечной продукции.,Exchange rate,Forward-looking,Hawkish,9,0,0,,,False
synthetic_000021,synthetic,True,rare_joint,,,synthetic,,,Вероятное повышение волатильности рубля может усилить инфляционную инерцию через более осторожное и опережающее ценообразование компаний.,Exchange rate,Forward-looking,Hawkish,9,0,0,,,False
synthetic_000022,synthetic,True,rare_joint,,,synthetic,,,Дальнейшее расширение бюджетных расходов может усилить давление на внутренний спрос и затруднить возвращение инфляции к цели.,Fiscal policy,Forward-looking,Risk-highlighting,8,0,3,,,False
synthetic_000023,synthetic,True,rare_joint,,,synthetic,,,Сохранение значительного бюджетного импульса в следующем году способно повысить устойчивость проинфляционных факторов.,Fiscal policy,Forward-looking,Risk-highlighting,8,0,3,,,False
synthetic_000024,synthetic,True,rare_joint,,,synthetic,,,"Более быстрое, чем предполагается, исполнение расходов бюджета может привести к дополнительному росту совокупного спроса.",Fiscal policy,Forward-looking,Risk-highlighting,8,0,3,,,False
synthetic_000025,synthetic,True,rare_joint,,,synthetic,,,Продление масштабных льготных программ может сформировать дополнительные риски перегрева отдельных сегментов спроса.,Fiscal policy,Forward-looking,Risk-highlighting,8,0,3,,,False
synthetic_000026,synthetic,True,rare_joint,,,synthetic,,,Отклонение бюджетной траектории от заявленных параметров будет создавать риск более длительного сохранения повышенного ценового давления.,Fiscal policy,Forward-looking,Risk-highlighting,8,0,3,,,False
synthetic_000027,synthetic,True,rare_joint,,,synthetic,,,Увеличение субсидируемого финансирования может усилить спрос на кредит и ограничить охлаждающее влияние жестких денежно-кредитных условий.,Fiscal policy,Forward-looking,Risk-highlighting,8,0,3,,,False
synthetic_000028,synthetic,True,rare_joint,,,synthetic,,,"Если бюджетные расходы будут расти быстрее доходов, это может потребовать более продолжительного периода жестких денежно-кредитных условий.",Fiscal policy,Forward-looking,Risk-highlighting,8,0,3,,,False
synthetic_000029,synthetic,True,rare_joint,,,synthetic,,,Расширение государственных закупок при ограниченных производственных возможностях может усилить конкуренцию за ресурсы и повысить инфляционные риски.,Fiscal policy,Forward-looking,Risk-highlighting,8,0,3,,,False
synthetic_000030,synthetic,True,rare_joint,,,synthetic,,,Более мягкая бюджетная политика в прогнозном периоде может замедлить снижение инфляционных ожиданий.,Fiscal policy,Forward-looking,Risk-highlighting,8,0,3,,,False
synthetic_000031,synthetic,True,rare_joint,,,synthetic,,,"Увеличение трансфертов населению может поддержать потребительский спрос сильнее, чем заложено в базовом сценарии.",Fiscal policy,Forward-looking,Risk-highlighting,8,0,3,,,False
synthetic_000032,synthetic,True,rare_joint,,,synthetic,,,Неполная реализация мер бюджетной консолидации может стать источником дополнительного проинфляционного давления.,Fiscal policy,Forward-looking,Risk-highlighting,8,0,3,,,False
synthetic_000033,synthetic,True,rare_joint,,,synthetic,,,Дальнейшее расширение налоговых стимулов может привести к более устойчивому росту инвестиционного и потребительского спроса.,Fiscal policy,Forward-looking,Risk-highlighting,8,0,3,,,False
synthetic_000034,synthetic,True,rare_joint,,,synthetic,,,Сохранение высоких объемов бюджетного финансирования инфраструктурных проектов может усилить давление на цены в секторах с ограниченным предложением.,Fiscal policy,Forward-looking,Risk-highlighting,8,0,3,,,False
synthetic_000035,synthetic,True,rare_joint,,,synthetic,,,Дополнительная индексация социальных выплат может повысить потребительскую активность и создать риски для дезинфляционной траектории.,Fiscal policy,Forward-looking,Risk-highlighting,8,0,3,,,False
synthetic_000036,synthetic,True,rare_joint,,,synthetic,,,Более значительное использование средств фондов развития может усилить бюджетный импульс и увеличить неопределенность инфляционного прогноза.,Fiscal policy,Forward-looking,Risk-highlighting,8,0,3,,,False
synthetic_000037,synthetic,True,rare_joint,,,synthetic,,,Расширение программ компенсации процентных ставок может ослабить передачу решений по денежно-кредитной политике в кредитные условия.,Fiscal policy,Forward-looking,Risk-highlighting,8,0,3,,,False
synthetic_000038,synthetic,True,rare_joint,,,synthetic,,,"Если параметры налоговой политики будут стимулировать ускоренное потребление, баланс рисков для инфляции может сместиться вверх.",Fiscal policy,Forward-looking,Risk-highlighting,8,0,3,,,False
synthetic_000039,synthetic,True,rare_joint,,,synthetic,,,В отчетном периоде бюджетные расходы оставались на повышенном уровне.,Fiscal policy,Backward-looking,Neutral,8,1,2,,,False
synthetic_000040,synthetic,True,rare_joint,,,synthetic,,,В предыдущие месяцы объем предоставленных субсидий существенно не изменился.,Fiscal policy,Backward-looking,Neutral,8,1,2,,,False
synthetic_000041,synthetic,True,rare_joint,,,synthetic,,,В рассматриваемом квартале исполнение федерального бюджета происходило в соответствии с утвержденными параметрами.,Fiscal policy,Backward-looking,Neutral,8,1,2,,,False
synthetic_000042,synthetic,True,rare_joint,,,synthetic,,,В последние месяцы меры налоговой поддержки сохранялись в ранее объявленных объемах.,Fiscal policy,Backward-looking,Neutral,8,1,2,,,False
synthetic_000043,synthetic,True,rare_joint,,,synthetic,,,Расходы бюджета на инфраструктурные проекты продолжили осуществляться в плановом порядке.,Fiscal policy,Backward-looking,Neutral,8,1,2,,,False
synthetic_000044,synthetic,True,rare_joint,,,synthetic,,,В отчетном периоде параметры льготных государственных программ оставались без значительных изменений.,Fiscal policy,Backward-looking,Neutral,8,1,2,,,False
synthetic_000045,synthetic,True,rare_joint,,,synthetic,,,В текущем году динамика бюджетных расходов соответствовала ранее утвержденному графику.,Fiscal policy,Backward-looking,Neutral,8,1,2,,,False
synthetic_000046,synthetic,True,rare_joint,,,synthetic,,,Налоговые поступления в бюджет в последние месяцы формировались устойчиво.,Fiscal policy,Backward-looking,Neutral,8,1,2,,,False
synthetic_000047,synthetic,True,rare_joint,,,synthetic,,,В предыдущем квартале объем бюджетного финансирования отдельных отраслей существенно не менялся.,Fiscal policy,Backward-looking,Neutral,8,1,2,,,False
synthetic_000048,synthetic,True,rare_joint,,,synthetic,,,В последние месяцы реализация государственных инвестиционных программ продолжалась без отклонений от планов.,Fiscal policy,Backward-looking,Neutral,8,1,2,,,False
synthetic_000049,synthetic,True,rare_joint,,,synthetic,,,В рассматриваемом периоде бюджетная политика не претерпела существенных изменений.,Fiscal policy,Backward-looking,Neutral,8,1,2,,,False
synthetic_000050,synthetic,True,rare_joint,,,synthetic,,,Объемы государственных расходов на поддержку экономики в отчетном периоде оставались стабильными.,Fiscal policy,Backward-looking,Neutral,8,1,2,,,False
synthetic_000051,synthetic,True,rare_joint,,,synthetic,,,Дальнейшее расширение бюджетных расходов будет поддерживать повышенное инфляционное давление.,Fiscal policy,Forward-looking,Hawkish,8,0,0,,,False
synthetic_000052,synthetic,True,rare_joint,,,synthetic,,,Рост государственных расходов в предстоящие кварталы усилит внутренний спрос.,Fiscal policy,Forward-looking,Hawkish,8,0,0,,,False
synthetic_000053,synthetic,True,rare_joint,,,synthetic,,,Сохранение значительного бюджетного импульса будет способствовать более устойчивому росту цен.,Fiscal policy,Forward-looking,Hawkish,8,0,0,,,False
synthetic_000054,synthetic,True,rare_joint,,,synthetic,,,Увеличение объемов субсидирования поддержит высокую потребительскую активность.,Fiscal policy,Forward-looking,Hawkish,8,0,0,,,False
synthetic_000055,synthetic,True,rare_joint,,,synthetic,,,Расширение льготных государственных программ приведет к сохранению повышенного спроса в экономике.,Fiscal policy,Forward-looking,Hawkish,8,0,0,,,False
synthetic_000056,synthetic,True,rare_joint,,,synthetic,,,Более высокие расходы бюджета будут препятствовать более быстрому замедлению роста цен.,Fiscal policy,Forward-looking,Hawkish,8,0,0,,,False
synthetic_000057,synthetic,True,rare_joint,,,synthetic,,,Продолжение стимулирующей бюджетной политики усилит давление со стороны внутреннего спроса.,Fiscal policy,Forward-looking,Hawkish,8,0,0,,,False
synthetic_000058,synthetic,True,rare_joint,,,synthetic,,,Увеличение государственных инвестиций будет способствовать сохранению высокой экономической активности.,Fiscal policy,Forward-looking,Hawkish,8,0,0,,,False
synthetic_000059,synthetic,True,rare_joint,,,synthetic,,,Дополнительные меры бюджетной поддержки будут поддерживать повышенное ценовое давление.,Fiscal policy,Forward-looking,Hawkish,8,0,0,,,False
synthetic_000060,synthetic,True,rare_joint,,,synthetic,,,Рост трансфертов населению приведет к дальнейшему расширению потребительского спроса.,Fiscal policy,Forward-looking,Hawkish,8,0,0,,,False
synthetic_000061,synthetic,True,rare_joint,,,synthetic,,,Мягкая бюджетная политика будет поддерживать повышенные темпы роста спроса.,Fiscal policy,Forward-looking,Hawkish,8,0,0,,,False
synthetic_000062,synthetic,True,rare_joint,,,synthetic,,,Расширение бюджетного финансирования усилит проинфляционное влияние внутреннего спроса.,Fiscal policy,Forward-looking,Hawkish,8,0,0,,,False
synthetic_000063,synthetic,True,rare_joint,,,synthetic,,,Сокращение бюджетных расходов будет способствовать более сдержанной динамике внутреннего спроса.,Fiscal policy,Forward-looking,Dovish,8,0,1,,,False
synthetic_000064,synthetic,True,rare_joint,,,synthetic,,,Снижение объемов государственных закупок приведет к ослаблению проинфляционного давления.,Fiscal policy,Forward-looking,Dovish,8,0,1,,,False
synthetic_000065,synthetic,True,rare_joint,,,synthetic,,,Более сдержанная бюджетная политика будет ограничивать рост потребительского спроса.,Fiscal policy,Forward-looking,Dovish,8,0,1,,,False
synthetic_000066,synthetic,True,rare_joint,,,synthetic,,,Постепенное сворачивание мер бюджетной поддержки будет способствовать замедлению роста цен.,Fiscal policy,Forward-looking,Dovish,8,0,1,,,False
synthetic_000067,synthetic,True,rare_joint,,,synthetic,,,Уменьшение бюджетного импульса будет способствовать более умеренной динамике спроса в экономике.,Fiscal policy,Forward-looking,Dovish,8,0,1,,,False
synthetic_000068,synthetic,True,rare_joint,,,synthetic,,,Сокращение объемов субсидирования приведет к более сдержанному росту внутреннего спроса.,Fiscal policy,Forward-looking,Dovish,8,0,1,,,False
synthetic_000069,synthetic,True,rare_joint,,,synthetic,,,Ограничение роста бюджетных расходов будет снижать давление со стороны спроса.,Fiscal policy,Forward-looking,Dovish,8,0,1,,,False
synthetic_000070,synthetic,True,rare_joint,,,synthetic,,,Снижение масштабов государственных программ поддержки будет способствовать дезинфляционным процессам.,Fiscal policy,Forward-looking,Dovish,8,0,1,,,False
synthetic_000071,synthetic,True,rare_joint,,,synthetic,,,Планируемая нормализация бюджетной политики будет способствовать более сбалансированной динамике спроса.,Fiscal policy,Forward-looking,Confidence-building,8,0,4,,,False
synthetic_000072,synthetic,True,rare_joint,,,synthetic,,,Ожидаемое сокращение бюджетного импульса поддержит устойчивое замедление инфляционного давления.,Fiscal policy,Forward-looking,Confidence-building,8,0,4,,,False
synthetic_000073,synthetic,True,rare_joint,,,synthetic,,,Бюджетная консолидация в прогнозном периоде будет способствовать сохранению макроэкономической устойчивости.,Fiscal policy,Forward-looking,Confidence-building,8,0,4,,,False
synthetic_000074,synthetic,True,rare_joint,,,synthetic,,,Постепенное снижение объемов государственной поддержки будет содействовать возвращению спроса к более сбалансированным темпам роста.,Fiscal policy,Forward-looking,Confidence-building,8,0,4,,,False
synthetic_000075,synthetic,True,rare_joint,,,synthetic,,,Сдержанная динамика бюджетных расходов создаст условия для более устойчивого снижения ценового давления.,Fiscal policy,Forward-looking,Confidence-building,8,0,4,,,False
synthetic_000076,synthetic,True,rare_joint,,,synthetic,,,Запланированное ограничение дефицита бюджета будет способствовать поддержанию макроэкономической стабильности.,Fiscal policy,Forward-looking,Confidence-building,8,0,4,,,False
synthetic_000077,synthetic,True,rare_joint,,,synthetic,,,Предполагаемое снижение масштабов субсидирования будет поддерживать дезинфляционные процессы в экономике.,Fiscal policy,Forward-looking,Confidence-building,8,0,4,,,False
synthetic_000078,synthetic,True,rare_joint,,,synthetic,,,Более сбалансированная бюджетная политика будет способствовать устойчивому охлаждению внутреннего спроса.,Fiscal policy,Forward-looking,Confidence-building,8,0,4,,,False
synthetic_000079,synthetic,True,rare_joint,,,synthetic,,,Сохранение умеренных темпов роста бюджетных расходов поддержит формирование более устойчивой ценовой динамики.,Fiscal policy,Forward-looking,Confidence-building,8,0,4,,,False
synthetic_000080,synthetic,True,rare_joint,,,synthetic,,,Планируемая корректировка параметров государственных программ будет способствовать снижению перегрева спроса.,Fiscal policy,Forward-looking,Confidence-building,8,0,4,,,False
synthetic_000081,synthetic,True,hard_cases,,,synthetic,,,В ближайшие кварталы повышенные рыночные процентные ставки будут поддерживать сдерживающее влияние финансовых условий на внутренний спрос.,Monetary conditions,Forward-looking,Hawkish,2,0,0,,,False
synthetic_000082,synthetic,True,hard_cases,,,synthetic,,,Сохранение высокой доходности рублевых инструментов будет стимулировать сберегательное поведение и ограничивать потребительскую активность.,Monetary conditions,Forward-looking,Hawkish,2,0,0,,,False
synthetic_000083,synthetic,True,hard_cases,,,synthetic,,,Жесткость ценовых условий по банковским займам продолжит сдерживать расширение спроса на заемные средства.,Monetary conditions,Forward-looking,Hawkish,2,0,0,,,False
synthetic_000084,synthetic,True,hard_cases,,,synthetic,,,Повышенная привлекательность депозитов будет способствовать перераспределению доходов населения в пользу сбережений.,Monetary conditions,Forward-looking,Hawkish,2,0,0,,,False
synthetic_000085,synthetic,True,hard_cases,,,synthetic,,,Сложившийся уровень доходностей на денежном рынке будет поддерживать ограничительный характер финансовых условий.,Monetary conditions,Forward-looking,Hawkish,2,0,0,,,False
synthetic_000086,synthetic,True,hard_cases,,,synthetic,,,Удорожание фондирования для банков будет транслироваться в более строгие ценовые параметры кредитования клиентов.,Monetary conditions,Forward-looking,Hawkish,2,0,0,,,False
synthetic_000087,synthetic,True,hard_cases,,,synthetic,,,Высокие ставки по срочным вкладам сохранят стимулы к накоплению средств и будут ограничивать текущие расходы домашних хозяйств.,Monetary conditions,Forward-looking,Hawkish,2,0,0,,,False
synthetic_000088,synthetic,True,hard_cases,,,synthetic,,,Рост премий за срок в доходностях облигаций будет усиливать сдерживающее влияние финансового рынка на инвестиционные решения компаний.,Monetary conditions,Forward-looking,Hawkish,2,0,0,,,False
synthetic_000089,synthetic,True,hard_cases,,,synthetic,,,Сохранение ограничительной ценовой политики банков по новым займам будет препятствовать ускорению заемной активности.,Monetary conditions,Forward-looking,Hawkish,2,0,0,,,False
synthetic_000090,synthetic,True,hard_cases,,,synthetic,,,Повышенная стоимость рыночного заимствования будет ограничивать возможности компаний по финансированию дополнительных расходов.,Monetary conditions,Forward-looking,Hawkish,2,0,0,,,False
synthetic_000091,synthetic,True,hard_cases,,,synthetic,,,Жесткие денежно-кредитные условия будут поддерживаться через высокую доходность сберегательных и долговых инструментов.,Monetary conditions,Forward-looking,Hawkish,2,0,0,,,False
synthetic_000092,synthetic,True,hard_cases,,,synthetic,,,Ожидаемое сохранение высокой стоимости кредитных ресурсов будет ограничивать расширение корпоративных инвестиционных планов.,Monetary conditions,Forward-looking,Hawkish,2,0,0,,,False
synthetic_000093,synthetic,True,hard_cases,,,synthetic,,,Более строгие требования банков к ценовым условиям выдачи займов будут усиливать общий ограничительный импульс финансовой среды.,Monetary conditions,Forward-looking,Hawkish,2,0,0,,,False
synthetic_000094,synthetic,True,hard_cases,,,synthetic,,,В предстоящие кварталы снижение доходностей на долговом рынке будет способствовать смягчению финансовых условий.,Monetary conditions,Forward-looking,Dovish,2,0,1,,,False
synthetic_000095,synthetic,True,hard_cases,,,synthetic,,,Ожидаемое уменьшение ставок по депозитам будет снижать стимулы к избыточным сбережениям.,Monetary conditions,Forward-looking,Dovish,2,0,1,,,False
synthetic_000096,synthetic,True,hard_cases,,,synthetic,,,Смягчение условий банковского фондирования будет способствовать постепенному удешевлению заемных ресурсов для экономики.,Monetary conditions,Forward-looking,Dovish,2,0,1,,,False
synthetic_000097,synthetic,True,hard_cases,,,synthetic,,,Снижение процентных ставок на денежном рынке будет поддерживать восстановление внутреннего спроса.,Monetary conditions,Forward-looking,Dovish,2,0,1,,,False
synthetic_000098,synthetic,True,hard_cases,,,synthetic,,,Более низкая стоимость рыночного заимствования будет способствовать расширению инвестиционной активности компаний.,Monetary conditions,Forward-looking,Dovish,2,0,1,,,False
synthetic_000099,synthetic,True,hard_cases,,,synthetic,,,Ослабление жесткости финансовых условий будет поддерживать потребительскую активность домашних хозяйств.,Monetary conditions,Forward-looking,Dovish,2,0,1,,,False
synthetic_000100,synthetic,True,hard_cases,,,synthetic,,,Постепенное уменьшение доходности рублевых сбережений будет способствовать росту текущего потребления.,Monetary conditions,Forward-looking,Dovish,2,0,1,,,False
synthetic_000101,synthetic,True,hard_cases,,,synthetic,,,Снижение ставок по корпоративным облигациям будет улучшать условия привлечения рыночного финансирования.,Monetary conditions,Forward-looking,Dovish,2,0,1,,,False
synthetic_000102,synthetic,True,hard_cases,,,synthetic,,,Ожидаемое смягчение ценовых условий банковского кредитования будет поддерживать экономическую активность.,Monetary conditions,Forward-looking,Dovish,2,0,1,,,False
synthetic_000103,synthetic,True,hard_cases,,,synthetic,,,Сокращение премий на финансовом рынке будет способствовать улучшению условий долгосрочного заимствования.,Monetary conditions,Forward-looking,Dovish,2,0,1,,,False
synthetic_000104,synthetic,True,hard_cases,,,synthetic,,,Уменьшение стоимости привлечения ликвидности банками будет способствовать снижению рыночных процентных ставок.,Monetary conditions,Forward-looking,Dovish,2,0,1,,,False
synthetic_000105,synthetic,True,hard_cases,,,synthetic,,,В дальнейшем более мягкие финансовые условия будут поддерживать расширение инвестиционного спроса.,Monetary conditions,Forward-looking,Dovish,2,0,1,,,False
synthetic_000106,synthetic,True,hard_cases,,,synthetic,,,Снижение доходностей по государственным облигациям будет способствовать общему смягчению денежно-кредитных условий.,Monetary conditions,Forward-looking,Dovish,2,0,1,,,False
synthetic_000107,synthetic,True,hard_cases,,,synthetic,,,В отчетном периоде доходности на рынке облигаций изменялись вблизи уровней предыдущего месяца.,Monetary conditions,Backward-looking,Neutral,2,1,2,,,False
synthetic_000108,synthetic,True,hard_cases,,,synthetic,,,Ставки по банковским депозитам для населения в последние месяцы существенно не изменились.,Monetary conditions,Backward-looking,Neutral,2,1,2,,,False
synthetic_000109,synthetic,True,hard_cases,,,synthetic,,,В рассматриваемый период условия привлечения средств на финансовом рынке оставались стабильными.,Monetary conditions,Backward-looking,Neutral,2,1,2,,,False
synthetic_000110,synthetic,True,hard_cases,,,synthetic,,,Доходности государственных облигаций в среднем сохранялись в ранее сложившемся диапазоне.,Monetary conditions,Backward-looking,Neutral,2,1,2,,,False
synthetic_000111,synthetic,True,hard_cases,,,synthetic,,,Ценовые условия банковского кредитования в корпоративном сегменте за последний квартал существенно не изменились.,Monetary conditions,Backward-looking,Neutral,2,1,2,,,False
synthetic_000112,synthetic,True,hard_cases,,,synthetic,,,В последние месяцы динамика ставок денежного рынка оставалась относительно устойчивой.,Monetary conditions,Backward-looking,Neutral,2,1,2,,,False
synthetic_000113,synthetic,True,hard_cases,,,synthetic,,,Условия банковского фондирования в отчетном периоде изменялись незначительно.,Monetary conditions,Backward-looking,Neutral,2,1,2,,,False
synthetic_000114,synthetic,True,hard_cases,,,synthetic,,,В прошедшем месяце доходности рублевых финансовых инструментов колебались в ограниченном диапазоне.,Monetary conditions,Backward-looking,Neutral,2,1,2,,,False
synthetic_000115,synthetic,True,hard_cases,,,synthetic,,,Ставки по долгосрочным банковским продуктам в целом оставались на уровнях предыдущего периода.,Monetary conditions,Backward-looking,Neutral,2,1,2,,,False
synthetic_000116,synthetic,True,hard_cases,,,synthetic,,,На протяжении квартала условия размещения облигационных выпусков существенно не менялись.,Monetary conditions,Backward-looking,Neutral,2,1,2,,,False
synthetic_000117,synthetic,True,hard_cases,,,synthetic,,,В отчетном периоде изменения стоимости рыночного фондирования носили ограниченный характер.,Monetary conditions,Backward-looking,Neutral,2,1,2,,,False
synthetic_000118,synthetic,True,hard_cases,,,synthetic,,,Сберегательная активность населения сохранялась на фоне стабильных процентных условий.,Monetary conditions,Backward-looking,Neutral,2,1,2,,,False
synthetic_000119,synthetic,True,hard_cases,,,synthetic,,,В последние недели ситуация на денежном рынке характеризовалась умеренной волатильностью ставок.,Monetary conditions,Backward-looking,Neutral,2,1,2,,,False
synthetic_000120,synthetic,True,hard_cases,,,synthetic,,,В последние месяцы ставки по банковским депозитам существенно выросли.,Monetary conditions,Backward-looking,Hawkish,2,1,0,,,False
synthetic_000121,synthetic,True,hard_cases,,,synthetic,,,Доходности рублевых облигаций в отчетном периоде оставались на повышенных уровнях.,Monetary conditions,Backward-looking,Hawkish,2,1,0,,,False
synthetic_000122,synthetic,True,hard_cases,,,synthetic,,,Стоимость рыночного фондирования для банков за последний квартал заметно увеличилась.,Monetary conditions,Backward-looking,Hawkish,2,1,0,,,False
synthetic_000123,synthetic,True,hard_cases,,,synthetic,,,Условия банковского кредитования в последнее время оставались жесткими.,Monetary conditions,Backward-looking,Hawkish,2,1,0,,,False
synthetic_000124,synthetic,True,hard_cases,,,synthetic,,,В прошедшем месяце наблюдался рост ставок денежного рынка по широкому кругу инструментов.,Monetary conditions,Backward-looking,Hawkish,2,1,0,,,False
synthetic_000125,synthetic,True,hard_cases,,,synthetic,,,"Доходности государственных облигаций сохранялись на уровнях, ограничивающих спрос на заемные ресурсы.",Monetary conditions,Backward-looking,Hawkish,2,1,0,,,False
synthetic_000126,synthetic,True,hard_cases,,,synthetic,,,Сберегательная активность населения усилилась на фоне высоких процентных ставок по вкладам.,Monetary conditions,Backward-looking,Hawkish,2,1,0,,,False
synthetic_000127,synthetic,True,hard_cases,,,synthetic,,,В отчетном периоде финансовые условия оставались более жесткими по сравнению с началом года.,Monetary conditions,Backward-looking,Hawkish,2,1,0,,,False
synthetic_000128,synthetic,True,hard_cases,,,synthetic,,,В предстоящие кварталы устойчивость депозитной базы банков будет поддерживать стабильность финансовых условий.,Monetary conditions,Forward-looking,Confidence-building,2,0,4,,,False
synthetic_000129,synthetic,True,hard_cases,,,synthetic,,,"Ожидается, что условия фондирования банков сохранят сбалансированный характер.",Monetary conditions,Forward-looking,Confidence-building,2,0,4,,,False
synthetic_000130,synthetic,True,hard_cases,,,synthetic,,,Сохранение стабильной структуры процентных ставок будет способствовать предсказуемости финансовых условий.,Monetary conditions,Forward-looking,Confidence-building,2,0,4,,,False
synthetic_000131,synthetic,True,hard_cases,,,synthetic,,,В дальнейшем банковский сектор сможет поддерживать устойчивое предложение ликвидности на рынке.,Monetary conditions,Forward-looking,Confidence-building,2,0,4,,,False
synthetic_000132,synthetic,True,hard_cases,,,synthetic,,,Ожидаемая динамика рыночных ставок будет способствовать сохранению сбалансированных денежно-кредитных условий.,Monetary conditions,Forward-looking,Confidence-building,2,0,4,,,False
synthetic_000133,synthetic,True,hard_cases,,,synthetic,,,"Финансовые условия, как ожидается, останутся достаточно устойчивыми для поддержания сберегательной активности.",Monetary conditions,Forward-looking,Confidence-building,2,0,4,,,False
synthetic_000134,synthetic,True,hard_cases,,,synthetic,,,"В ближайшие месяцы ситуация на денежном рынке, вероятно, сохранится стабильной.",Monetary conditions,Forward-looking,Confidence-building,2,0,4,,,False
synthetic_000135,synthetic,True,hard_cases,,,synthetic,,,Сохранение устойчивого спроса на рублевые сбережения будет поддерживать стабильность финансового рынка.,Monetary conditions,Forward-looking,Confidence-building,2,0,4,,,False
synthetic_000136,synthetic,True,hard_cases,,,synthetic,,,Банковская система располагает достаточными ресурсами для поддержания стабильных условий привлечения средств.,Monetary conditions,Forward-looking,Confidence-building,2,0,4,,,False
synthetic_000137,synthetic,True,hard_cases,,,synthetic,,,Обзор динамики денежного рынка и процентных условий.,Monetary conditions,Other,Other,2,2,5,,,False
synthetic_000138,synthetic,True,hard_cases,,,synthetic,,,Приложение содержит сведения о структуре процентных ставок на финансовом рынке.,Monetary conditions,Other,Other,2,2,5,,,False
synthetic_000139,synthetic,True,hard_cases,,,synthetic,,,Материалы включают показатели доходности отдельных сегментов долгового рынка.,Monetary conditions,Other,Other,2,2,5,,,False
synthetic_000140,synthetic,True,hard_cases,,,synthetic,,,В таблице представлены данные по банковским процентным ставкам.,Monetary conditions,Other,Other,2,2,5,,,False
synthetic_000141,synthetic,True,hard_cases,,,synthetic,,,Раздел посвящен анализу условий привлечения средств на финансовом рынке.,Monetary conditions,Other,Other,2,2,5,,,False
synthetic_000142,synthetic,True,hard_cases,,,synthetic,,,Дальнейший рост долговой нагрузки отдельных групп заемщиков может повысить уязвимость банковского сектора.,Financial sector & Macroprudential policy,Forward-looking,Risk-highlighting,10,0,3,,,False
synthetic_000143,synthetic,True,hard_cases,,,synthetic,,,Сохранение высокой концентрации кредитных рисков способно усилить давление на капитал отдельных банков.,Financial sector & Macroprudential policy,Forward-looking,Risk-highlighting,10,0,3,,,False
synthetic_000144,synthetic,True,hard_cases,,,synthetic,,,Ускоренное расширение необеспеченного кредитования может привести к накоплению системных рисков.,Financial sector & Macroprudential policy,Forward-looking,Risk-highlighting,10,0,3,,,False
synthetic_000145,synthetic,True,hard_cases,,,synthetic,,,Рост зависимости банков от краткосрочного фондирования может повысить риски ликвидности.,Financial sector & Macroprudential policy,Forward-looking,Risk-highlighting,10,0,3,,,False
synthetic_000146,synthetic,True,hard_cases,,,synthetic,,,В случае ухудшения рыночной конъюнктуры возможно увеличение потерь финансовых организаций по долговым инструментам.,Financial sector & Macroprudential policy,Forward-looking,Risk-highlighting,10,0,3,,,False
synthetic_000147,synthetic,True,hard_cases,,,synthetic,,,Длительное сохранение повышенной долговой нагрузки населения может ухудшить качество банковских портфелей.,Financial sector & Macroprudential policy,Forward-looking,Risk-highlighting,10,0,3,,,False
synthetic_000148,synthetic,True,hard_cases,,,synthetic,,,Ослабление требований к оценке кредитоспособности заемщиков может увеличить риски финансовой стабильности.,Financial sector & Macroprudential policy,Forward-looking,Risk-highlighting,10,0,3,,,False
synthetic_000149,synthetic,True,hard_cases,,,synthetic,,,Рост вложений банков в менее ликвидные активы способен повысить чувствительность сектора к рыночным шокам.,Financial sector & Macroprudential policy,Forward-looking,Risk-highlighting,10,0,3,,,False
synthetic_000150,synthetic,True,hard_cases,,,synthetic,,,При сохранении высокой волатильности на финансовых рынках могут усилиться риски рефинансирования банков.,Financial sector & Macroprudential policy,Forward-looking,Risk-highlighting,10,0,3,,,False
synthetic_000151,synthetic,True,hard_cases,,,synthetic,,,Быстрый рост ипотечного кредитования может сопровождаться накоплением дисбалансов на рынке жилья.,Financial sector & Macroprudential policy,Forward-looking,Risk-highlighting,10,0,3,,,False
synthetic_000152,synthetic,True,hard_cases,,,synthetic,,,Увеличение доли рискованных заемщиков в новых выдачах может потребовать дополнительного ужесточения макропруденциальных мер.,Financial sector & Macroprudential policy,Forward-looking,Risk-highlighting,10,0,3,,,False
synthetic_000153,synthetic,True,hard_cases,,,synthetic,,,Снижение качества обслуживания долга корпоративными заемщиками может привести к росту резервных требований банков.,Financial sector & Macroprudential policy,Forward-looking,Risk-highlighting,10,0,3,,,False
synthetic_000154,synthetic,True,hard_cases,,,synthetic,,,Банковский сектор сохранял устойчивое положение по капиталу и ликвидности.,Financial sector & Macroprudential policy,Backward-looking,Confidence-building,10,1,4,,,False
synthetic_000155,synthetic,True,hard_cases,,,synthetic,,,В отчетном периоде кредитные организации поддерживали значительный запас ликвидных активов.,Financial sector & Macroprudential policy,Backward-looking,Confidence-building,10,1,4,,,False
synthetic_000156,synthetic,True,hard_cases,,,synthetic,,,Принятые макропруденциальные меры способствовали ограничению накопления рисков в розничном сегменте.,Financial sector & Macroprudential policy,Backward-looking,Confidence-building,10,1,4,,,False
synthetic_000157,synthetic,True,hard_cases,,,synthetic,,,Финансовые организации в целом сохраняли устойчивость к изменениям рыночной конъюнктуры.,Financial sector & Macroprudential policy,Backward-looking,Confidence-building,10,1,4,,,False
synthetic_000158,synthetic,True,hard_cases,,,synthetic,,,Банки продолжали поддерживать достаточный уровень резервов по проблемным активам.,Financial sector & Macroprudential policy,Backward-looking,Confidence-building,10,1,4,,,False
synthetic_000159,synthetic,True,hard_cases,,,synthetic,,,Введение дополнительных надбавок к коэффициентам риска повысило устойчивость банковских балансов.,Financial sector & Macroprudential policy,Backward-looking,Confidence-building,10,1,4,,,False
synthetic_000160,synthetic,True,hard_cases,,,synthetic,,,Уровень достаточности капитала банковского сектора оставался существенно выше регуляторных требований.,Financial sector & Macroprudential policy,Backward-looking,Confidence-building,10,1,4,,,False
synthetic_000161,synthetic,True,hard_cases,,,synthetic,,,В прошедшем квартале ситуация с банковской ликвидностью оставалась стабильной.,Financial sector & Macroprudential policy,Backward-looking,Confidence-building,10,1,4,,,False
synthetic_000162,synthetic,True,hard_cases,,,synthetic,,,Меры по ограничению долговой нагрузки заемщиков способствовали повышению качества новых выдач.,Financial sector & Macroprudential policy,Backward-looking,Confidence-building,10,1,4,,,False
synthetic_000163,synthetic,True,hard_cases,,,synthetic,,,Финансовый сектор адаптировался к изменившимся условиям фондирования без существенного ухудшения показателей устойчивости.,Financial sector & Macroprudential policy,Backward-looking,Confidence-building,10,1,4,,,False
synthetic_000164,synthetic,True,hard_cases,,,synthetic,,,Банковская система сохраняла способность бесперебойно обслуживать потребности экономики в платежах.,Financial sector & Macroprudential policy,Backward-looking,Confidence-building,10,1,4,,,False
synthetic_000165,synthetic,True,hard_cases,,,synthetic,,,Динамика качества кредитных портфелей банков оставалась в целом стабильной.,Financial sector & Macroprudential policy,Backward-looking,Confidence-building,10,1,4,,,False
synthetic_000166,synthetic,True,hard_cases,,,synthetic,,,Макропруденциальные ограничения способствовали более сбалансированной структуре кредитования.,Financial sector & Macroprudential policy,Backward-looking,Confidence-building,10,1,4,,,False
synthetic_000167,synthetic,True,hard_cases,,,synthetic,,,В отчетном периоде банки сохраняли устойчивый доступ к основным источникам фондирования.,Financial sector & Macroprudential policy,Backward-looking,Confidence-building,10,1,4,,,False
synthetic_000168,synthetic,True,hard_cases,,,synthetic,,,Показатели краткосрочной ликвидности банковского сектора находились на комфортных уровнях.,Financial sector & Macroprudential policy,Backward-looking,Confidence-building,10,1,4,,,False
synthetic_000169,synthetic,True,hard_cases,,,synthetic,,,"Банковский сектор, как ожидается, сохранит устойчивый запас капитала в ближайшие кварталы.",Financial sector & Macroprudential policy,Forward-looking,Confidence-building,10,0,4,,,False
synthetic_000170,synthetic,True,hard_cases,,,synthetic,,,Действующие макропруденциальные меры будут способствовать ограничению накопления избыточных рисков.,Financial sector & Macroprudential policy,Forward-looking,Confidence-building,10,0,4,,,False
synthetic_000171,synthetic,True,hard_cases,,,synthetic,,,"Ожидается, что кредитные организации сохранят устойчивую позицию по ликвидности.",Financial sector & Macroprudential policy,Forward-looking,Confidence-building,10,0,4,,,False
synthetic_000172,synthetic,True,hard_cases,,,synthetic,,,В дальнейшем банковская система сможет поддерживать бесперебойное проведение расчетов и платежей.,Financial sector & Macroprudential policy,Forward-looking,Confidence-building,10,0,4,,,False
synthetic_000173,synthetic,True,hard_cases,,,synthetic,,,Сохранение текущих регуляторных требований будет поддерживать устойчивость финансового сектора.,Financial sector & Macroprudential policy,Forward-looking,Confidence-building,10,0,4,,,False
synthetic_000174,synthetic,True,hard_cases,,,synthetic,,,Банки располагают достаточными ресурсами для адаптации к изменению рыночных условий.,Financial sector & Macroprudential policy,Forward-looking,Confidence-building,10,0,4,,,False
synthetic_000175,synthetic,True,hard_cases,,,synthetic,,,Макропруденциальная политика продолжит способствовать более сбалансированной структуре кредитного рынка.,Financial sector & Macroprudential policy,Forward-looking,Confidence-building,10,0,4,,,False
synthetic_000176,synthetic,True,hard_cases,,,synthetic,,,"В ближайшей перспективе показатели ликвидности банковского сектора, вероятно, останутся на комфортных уровнях.",Financial sector & Macroprudential policy,Forward-looking,Confidence-building,10,0,4,,,False
synthetic_000177,synthetic,True,hard_cases,,,synthetic,,,В отчетном периоде банки поддерживали выполнение обязательных нормативов достаточности капитала.,Financial sector & Macroprudential policy,Backward-looking,Neutral,10,1,2,,,False
synthetic_000178,synthetic,True,hard_cases,,,synthetic,,,За последний квартал структура банковского фондирования существенно не изменилась.,Financial sector & Macroprudential policy,Backward-looking,Neutral,10,1,2,,,False
synthetic_000179,synthetic,True,hard_cases,,,synthetic,,,В рассматриваемый период показатели ликвидности банковского сектора оставались вблизи средних значений.,Financial sector & Macroprudential policy,Backward-looking,Neutral,10,1,2,,,False
synthetic_000180,synthetic,True,hard_cases,,,synthetic,,,Макропруденциальные надбавки по отдельным видам кредитов сохранялись на ранее установленном уровне.,Financial sector & Macroprudential policy,Backward-looking,Neutral,10,1,2,,,False
synthetic_000181,synthetic,True,hard_cases,,,synthetic,,,В отчетном месяце банки продолжали формирование резервов в соответствии с действующими требованиями.,Financial sector & Macroprudential policy,Backward-looking,Neutral,10,1,2,,,False
synthetic_000182,synthetic,True,hard_cases,,,synthetic,,,Динамика показателей финансовой устойчивости банковского сектора оставалась неоднородной по отдельным группам банков.,Financial sector & Macroprudential policy,Backward-looking,Neutral,10,1,2,,,False
synthetic_000183,synthetic,True,hard_cases,,,synthetic,,,В прошедшем квартале кредитные организации сохраняли доступ к основным источникам ликвидности.,Financial sector & Macroprudential policy,Backward-looking,Neutral,10,1,2,,,False
synthetic_000184,synthetic,True,hard_cases,,,synthetic,,,Показатели концентрации кредитных рисков в банковском секторе изменились незначительно.,Financial sector & Macroprudential policy,Backward-looking,Neutral,10,1,2,,,False
synthetic_000185,synthetic,True,hard_cases,,,synthetic,,,В течение отчетного периода регуляторные требования к отдельным сегментам кредитования не пересматривались.,Financial sector & Macroprudential policy,Backward-looking,Neutral,10,1,2,,,False
synthetic_000186,synthetic,True,hard_cases,,,synthetic,,,Банковский сектор в целом сохранял стабильную структуру активов и обязательств.,Financial sector & Macroprudential policy,Backward-looking,Neutral,10,1,2,,,False
synthetic_000187,synthetic,True,rare_joint,,,synthetic,,,Ожидаемое ускорение розничного кредитования будет поддерживать избыточный потребительский спрос и усиливать инфляционное давление.,Credit,Forward-looking,Hawkish,3,0,0,,,False
synthetic_000188,synthetic,True,rare_joint,,,synthetic,,,Сохранение высоких темпов ипотечного кредитования продолжит расширять спрос на жилье и создавать дополнительное давление на цены.,Credit,Forward-looking,Hawkish,3,0,0,,,False
synthetic_000189,synthetic,True,rare_joint,,,synthetic,,,Дальнейший рост необеспеченного потребительского кредитования будет ограничивать замедление внутреннего спроса.,Credit,Forward-looking,Hawkish,3,0,0,,,False
synthetic_000190,synthetic,True,rare_joint,,,synthetic,,,"Расширение корпоративного кредитования в ближайшие кварталы будет поддерживать инвестиционный спрос на уровне, превышающем возможности предложения.",Credit,Forward-looking,Hawkish,3,0,0,,,False
synthetic_000191,synthetic,True,rare_joint,,,synthetic,,,Опережающее увеличение кредитной активности населения будет способствовать сохранению повышенного спроса на товары длительного пользования.,Credit,Forward-looking,Hawkish,3,0,0,,,False
synthetic_000192,synthetic,True,rare_joint,,,synthetic,,,Продолжение быстрого роста выдач потребительских кредитов будет препятствовать устойчивому снижению ценового давления.,Credit,Forward-looking,Hawkish,3,0,0,,,False
synthetic_000193,synthetic,True,rare_joint,,,synthetic,,,Увеличение долговой нагрузки домохозяйств при сохранении спроса на заемные средства будет поддерживать проинфляционную динамику потребления.,Credit,Forward-looking,Hawkish,3,0,0,,,False
synthetic_000194,synthetic,True,rare_joint,,,synthetic,,,Дальнейшее расширение банковского кредитования компаний будет усиливать спрос на производственные ресурсы и поддерживать рост издержек.,Credit,Forward-looking,Hawkish,3,0,0,,,False
synthetic_000195,synthetic,True,rare_joint,,,synthetic,,,Сохранение высокого спроса заемщиков на кредитные продукты будет замедлять возврат инфляции к цели.,Credit,Forward-looking,Hawkish,3,0,0,,,False
synthetic_000196,synthetic,True,rare_joint,,,synthetic,,,Ожидаемое восстановление темпов автокредитования будет дополнительно поддерживать потребительскую активность в сегментах с ограниченным предложением.,Credit,Forward-looking,Hawkish,3,0,0,,,False
synthetic_000197,synthetic,True,rare_joint,,,synthetic,,,Быстрое наращивание кредитных портфелей банков в дальнейшем будет способствовать сохранению повышенного внутреннего спроса.,Credit,Forward-looking,Hawkish,3,0,0,,,False
synthetic_000198,synthetic,True,rare_joint,,,synthetic,,,Рост доступности заемных средств для населения будет поддерживать потребление и усиливать давление на потребительские цены.,Credit,Forward-looking,Hawkish,3,0,0,,,False
synthetic_000199,synthetic,True,balanced,,,synthetic,,,Темпы роста потребительского кредитования в последние месяцы оставались повышенными и поддерживали высокий внутренний спрос.,Credit,Backward-looking,Hawkish,3,1,0,,,False
synthetic_000200,synthetic,True,balanced,,,synthetic,,,"Корпоративное кредитование продолжило быстро расширяться, усиливая давление со стороны инвестиционного спроса.",Credit,Backward-looking,Hawkish,3,1,0,,,False
synthetic_000201,synthetic,True,balanced,,,synthetic,,,Сохранявшийся высокий спрос населения на заемные средства способствовал росту потребительской активности.,Credit,Backward-looking,Hawkish,3,1,0,,,False
synthetic_000202,synthetic,True,balanced,,,synthetic,,,"В последние кварталы ипотечное кредитование росло темпами, превышающими динамику доходов населения.",Credit,Backward-looking,Hawkish,3,1,0,,,False
synthetic_000203,synthetic,True,balanced,,,synthetic,,,Расширение розничного кредитования поддерживало повышенный спрос на товары длительного пользования.,Credit,Backward-looking,Hawkish,3,1,0,,,False
synthetic_000204,synthetic,True,balanced,,,synthetic,,,Банковские портфели кредитов населению продолжали увеличиваться высокими темпами.,Credit,Backward-looking,Hawkish,3,1,0,,,False
synthetic_000205,synthetic,True,balanced,,,synthetic,,,Рост объемов кредитования компаний способствовал сохранению высокого уровня деловой активности.,Credit,Backward-looking,Hawkish,3,1,0,,,False
synthetic_000206,synthetic,True,balanced,,,synthetic,,,Необеспеченное потребительское кредитование в отчетном периоде ускорилось и поддержало рост спроса со стороны домохозяйств.,Credit,Backward-looking,Hawkish,3,1,0,,,False
synthetic_000207,synthetic,True,balanced,,,synthetic,,,Ожидаемое замедление роста потребительского кредитования будет способствовать снижению давления со стороны внутреннего спроса.,Credit,Forward-looking,Dovish,3,0,1,,,False
synthetic_000208,synthetic,True,balanced,,,synthetic,,,Сдержанная динамика ипотечного кредитования будет ограничивать расширение спроса на рынке жилья.,Credit,Forward-looking,Dovish,3,0,1,,,False
synthetic_000209,synthetic,True,balanced,,,synthetic,,,"В ближайшие кварталы рост корпоративного кредитования останется умеренным, что будет способствовать охлаждению инвестиционного спроса.",Credit,Forward-looking,Dovish,3,0,1,,,False
synthetic_000210,synthetic,True,balanced,,,synthetic,,,Снижение спроса населения на заемные средства будет ограничивать рост потребления.,Credit,Forward-looking,Dovish,3,0,1,,,False
synthetic_000211,synthetic,True,balanced,,,synthetic,,,Ожидаемое охлаждение необеспеченного потребительского кредитования будет способствовать ослаблению ценового давления.,Credit,Forward-looking,Dovish,3,0,1,,,False
synthetic_000212,synthetic,True,balanced,,,synthetic,,,Более медленное расширение кредитных портфелей банков будет ограничивать рост внутреннего спроса.,Credit,Forward-looking,Dovish,3,0,1,,,False
synthetic_000213,synthetic,True,balanced,,,synthetic,,,Предполагаемое снижение темпов автокредитования будет сдерживать спрос на товары длительного пользования.,Credit,Forward-looking,Dovish,3,0,1,,,False
synthetic_000214,synthetic,True,balanced,,,synthetic,,,Замедление роста кредитования домохозяйств будет способствовать более сбалансированной динамике потребительского спроса.,Credit,Forward-looking,Dovish,3,0,1,,,False
synthetic_000215,synthetic,True,balanced,,,synthetic,,,Умеренная кредитная активность компаний будет ограничивать расширение инвестиционных программ.,Credit,Forward-looking,Dovish,3,0,1,,,False
synthetic_000216,synthetic,True,balanced,,,synthetic,,,Ожидаемое ужесточение условий банковского кредитования приведет к более сдержанной динамике заимствований.,Credit,Forward-looking,Dovish,3,0,1,,,False
synthetic_000217,synthetic,True,balanced,,,synthetic,,,Темпы роста потребительского кредитования в последние месяцы заметно снизились.,Credit,Backward-looking,Dovish,3,1,1,,,False
synthetic_000218,synthetic,True,balanced,,,synthetic,,,Ипотечное кредитование замедлилось на фоне более сдержанного спроса со стороны населения.,Credit,Backward-looking,Dovish,3,1,1,,,False
synthetic_000219,synthetic,True,balanced,,,synthetic,,,Рост корпоративного кредитования оставался умеренным и не создавал дополнительного давления со стороны спроса.,Credit,Backward-looking,Dovish,3,1,1,,,False
synthetic_000220,synthetic,True,balanced,,,synthetic,,,Спрос домохозяйств на заемные средства продолжил ослабевать.,Credit,Backward-looking,Dovish,3,1,1,,,False
synthetic_000221,synthetic,True,balanced,,,synthetic,,,Необеспеченное потребительское кредитование в отчетном периоде росло более низкими темпами.,Credit,Backward-looking,Dovish,3,1,1,,,False
synthetic_000222,synthetic,True,balanced,,,synthetic,,,Динамика банковского кредитования населения стала более сдержанной.,Credit,Backward-looking,Dovish,3,1,1,,,False
synthetic_000223,synthetic,True,balanced,,,synthetic,,,Замедление выдачи автокредитов ограничивало рост потребительского спроса.,Credit,Backward-looking,Dovish,3,1,1,,,False
synthetic_000224,synthetic,True,balanced,,,synthetic,,,В последние кварталы кредитная активность компаний оставалась ниже уровней предыдущего года.,Credit,Backward-looking,Dovish,3,1,1,,,False
synthetic_000225,synthetic,True,rare_joint,,,synthetic,,,Дальнейшее ускорение потребительского кредитования может привести к сохранению избыточного спроса в экономике.,Credit,Forward-looking,Risk-highlighting,3,0,3,,,False
synthetic_000226,synthetic,True,rare_joint,,,synthetic,,,Более активный рост ипотечного кредитования способен усилить дисбаланс между спросом и предложением на рынке жилья.,Credit,Forward-looking,Risk-highlighting,3,0,3,,,False
synthetic_000227,synthetic,True,rare_joint,,,synthetic,,,Сохранение высоких темпов розничного кредитования может затруднить снижение инфляционного давления.,Credit,Forward-looking,Risk-highlighting,3,0,3,,,False
synthetic_000228,synthetic,True,rare_joint,,,synthetic,,,Расширение корпоративного кредитования темпами выше устойчивых уровней может поддерживать перегрев внутреннего спроса.,Credit,Forward-looking,Risk-highlighting,3,0,3,,,False
synthetic_000229,synthetic,True,rare_joint,,,synthetic,,,Ускорение роста задолженности домохозяйств может повысить чувствительность потребления к изменению финансовых условий.,Credit,Forward-looking,Risk-highlighting,3,0,3,,,False
synthetic_000230,synthetic,True,rare_joint,,,synthetic,,,Сохранение повышенного спроса на заемные средства может препятствовать более сбалансированной динамике потребления.,Credit,Forward-looking,Risk-highlighting,3,0,3,,,False
synthetic_000231,synthetic,True,rare_joint,,,synthetic,,,Быстрое восстановление необеспеченного потребительского кредитования может вновь усилить давление со стороны внутреннего спроса.,Credit,Forward-looking,Risk-highlighting,3,0,3,,,False
synthetic_000232,synthetic,True,balanced,,,synthetic,,,Устойчивое ценовое давление в сегменте услуг будет сохраняться в ближайшие кварталы.,Inflation,Forward-looking,Hawkish,0,0,0,,,False
synthetic_000233,synthetic,True,balanced,,,synthetic,,,Инфляция в ближайшие месяцы останется значительно выше целевого уровня.,Inflation,Forward-looking,Hawkish,0,0,0,,,False
synthetic_000234,synthetic,True,balanced,,,synthetic,,,Повышенное внутреннее ценовое давление продолжит ограничивать скорость замедления роста цен.,Inflation,Forward-looking,Hawkish,0,0,0,,,False
synthetic_000235,synthetic,True,balanced,,,synthetic,,,В ближайшей перспективе рост цен на непродовольственные товары может оставаться повышенным.,Inflation,Forward-looking,Hawkish,0,0,0,,,False
synthetic_000236,synthetic,True,balanced,,,synthetic,,,Текущие темпы роста потребительских цен будут препятствовать быстрому возвращению инфляции к цели.,Inflation,Forward-looking,Hawkish,0,0,0,,,False
synthetic_000237,synthetic,True,balanced,,,synthetic,,,Ценовое давление со стороны внутреннего спроса в ближайшие кварталы останется значительным.,Inflation,Forward-looking,Hawkish,0,0,0,,,False
synthetic_000238,synthetic,True,balanced,,,synthetic,,,"Инфляционные процессы в экономике будут оставаться устойчивыми дольше, чем предполагалось ранее.",Inflation,Forward-looking,Hawkish,0,0,0,,,False
synthetic_000239,synthetic,True,balanced,,,synthetic,,,Повышенные темпы роста цен на услуги будут продолжать вносить существенный вклад в общую инфляцию.,Inflation,Forward-looking,Hawkish,0,0,0,,,False
synthetic_000240,synthetic,True,balanced,,,synthetic,,,Текущие темпы роста потребительских цен оставались повышенными.,Inflation,Backward-looking,Hawkish,0,1,0,,,False
synthetic_000241,synthetic,True,balanced,,,synthetic,,,Ценовое давление в сегменте услуг в последние месяцы усилилось.,Inflation,Backward-looking,Hawkish,0,1,0,,,False
synthetic_000242,synthetic,True,balanced,,,synthetic,,,Рост цен на непродовольственные товары ускорился по сравнению с предыдущим кварталом.,Inflation,Backward-looking,Hawkish,0,1,0,,,False
synthetic_000243,synthetic,True,balanced,,,synthetic,,,Инфляционное давление со стороны внутреннего спроса сохранялось на высоком уровне.,Inflation,Backward-looking,Hawkish,0,1,0,,,False
synthetic_000244,synthetic,True,balanced,,,synthetic,,,Устойчивые темпы роста цен наблюдались в широком круге потребительских категорий.,Inflation,Backward-looking,Hawkish,0,1,0,,,False
synthetic_000245,synthetic,True,balanced,,,synthetic,,,"Базовая инфляция продолжила превышать значения, соответствующие целевому уровню.",Inflation,Backward-looking,Hawkish,0,1,0,,,False
synthetic_000246,synthetic,True,balanced,,,synthetic,,,Повышенные темпы роста цен на услуги поддерживали общий уровень инфляции.,Inflation,Backward-looking,Hawkish,0,1,0,,,False
synthetic_000247,synthetic,True,balanced,,,synthetic,,,Текущее ценовое давление оставалось устойчивым несмотря на отдельные признаки замедления спроса.,Inflation,Backward-looking,Hawkish,0,1,0,,,False
synthetic_000248,synthetic,True,rare_joint,,,synthetic,,,Повышенное ценовое давление может сохраняться дольше вследствие устойчивого внутреннего спроса.,Inflation,Forward-looking,Risk-highlighting,0,0,3,,,False
synthetic_000249,synthetic,True,rare_joint,,,synthetic,,,Рост цен на услуги может вновь ускориться при сохранении высокой потребительской активности.,Inflation,Forward-looking,Risk-highlighting,0,0,3,,,False
synthetic_000250,synthetic,True,rare_joint,,,synthetic,,,"Инфляционное давление в ближайшие кварталы может оказаться более устойчивым, чем ожидается в базовом сценарии.",Inflation,Forward-looking,Risk-highlighting,0,0,3,,,False
synthetic_000251,synthetic,True,rare_joint,,,synthetic,,,Сохраняющийся рост издержек компаний может ограничить скорость замедления роста потребительских цен.,Inflation,Forward-looking,Risk-highlighting,0,0,3,,,False
synthetic_000252,synthetic,True,rare_joint,,,synthetic,,,Дальнейшее расширение внутреннего спроса может привести к дополнительному усилению ценового давления.,Inflation,Forward-looking,Risk-highlighting,0,0,3,,,False
synthetic_000253,synthetic,True,balanced,,,synthetic,,,Инфляционное давление в ближайшие кварталы продолжит снижаться.,Inflation,Forward-looking,Dovish,0,0,1,,,False
synthetic_000254,synthetic,True,balanced,,,synthetic,,,Рост потребительских цен будет постепенно замедляться по мере охлаждения внутреннего спроса.,Inflation,Forward-looking,Dovish,0,0,1,,,False
synthetic_000255,synthetic,True,balanced,,,synthetic,,,В ближайшие месяцы ожидается дальнейшее ослабление ценового давления в непродовольственном сегменте.,Inflation,Forward-looking,Dovish,0,0,1,,,False
synthetic_000256,synthetic,True,balanced,,,synthetic,,,Замедление роста издержек компаний будет способствовать снижению темпов инфляции.,Inflation,Forward-looking,Dovish,0,0,1,,,False
synthetic_000257,synthetic,True,balanced,,,synthetic,,,Ценовое давление со стороны потребительского спроса будет постепенно уменьшаться.,Inflation,Forward-looking,Dovish,0,0,1,,,False
synthetic_000258,synthetic,True,rare_joint,,,synthetic,,,Замедление ценового давления продолжится по мере сохранения сдержанной динамики спроса.,Inflation,Forward-looking,Confidence-building,0,0,4,,,False
synthetic_000259,synthetic,True,rare_joint,,,synthetic,,,Текущие денежно-кредитные условия будут способствовать устойчивому снижению инфляции.,Inflation,Forward-looking,Confidence-building,0,0,4,,,False
synthetic_000260,synthetic,True,rare_joint,,,synthetic,,,"Рост потребительских цен будет постепенно возвращаться к уровням, соответствующим цели по инфляции.",Inflation,Forward-looking,Confidence-building,0,0,4,,,False
synthetic_000261,synthetic,True,rare_joint,,,synthetic,,,Дезинфляционные тенденции в экономике сохранятся в ближайшие кварталы.,Inflation,Forward-looking,Confidence-building,0,0,4,,,False
synthetic_000262,synthetic,True,rare_joint,,,synthetic,,,Снижение темпов роста цен будет происходить более равномерно по основным категориям товаров и услуг.,Inflation,Forward-looking,Confidence-building,0,0,4,,,False
synthetic_000263,synthetic,True,rare_joint,,,synthetic,,,Ценовое давление со стороны внутреннего спроса продолжит постепенно ослабевать.,Inflation,Forward-looking,Confidence-building,0,0,4,,,False
synthetic_000264,synthetic,True,rare_joint,,,synthetic,,,Умеренная динамика потребительских цен будет поддерживаться охлаждением спроса в экономике.,Inflation,Forward-looking,Confidence-building,0,0,4,,,False
synthetic_000265,synthetic,True,rare_joint,,,synthetic,,,Инфляция будет снижаться устойчивыми темпами при сохранении текущих макроэкономических условий.,Inflation,Forward-looking,Confidence-building,0,0,4,,,False
synthetic_000266,synthetic,True,rare_joint,,,synthetic,,,Ослабление роста издержек компаний будет способствовать дальнейшему замедлению инфляции.,Inflation,Forward-looking,Confidence-building,0,0,4,,,False
synthetic_000267,synthetic,True,rare_joint,,,synthetic,,,Рост внутреннего спроса в последние месяцы заметно замедлился на фоне более сдержанной потребительской активности.,Economic activity,Backward-looking,Dovish,5,1,1,,,False
synthetic_000268,synthetic,True,rare_joint,,,synthetic,,,"Оперативные индикаторы указывали на ослабление деловой активности в большинстве отраслей, ориентированных на внутренний рынок.",Economic activity,Backward-looking,Dovish,5,1,1,,,False
synthetic_000269,synthetic,True,rare_joint,,,synthetic,,,"Темпы расширения выпуска снизились, что отражало более умеренную динамику конечного спроса.",Economic activity,Backward-looking,Dovish,5,1,1,,,False
synthetic_000270,synthetic,True,rare_joint,,,synthetic,,,"Инвестиционная активность предприятий оставалась сдержанной, а реализация части проектов была перенесена на более поздние сроки.",Economic activity,Backward-looking,Dovish,5,1,1,,,False
synthetic_000271,synthetic,True,rare_joint,,,synthetic,,,"Потребительский спрос утратил прежнюю устойчивость, что проявилось в замедлении оборота розничной торговли.",Economic activity,Backward-looking,Dovish,5,1,1,,,False
synthetic_000272,synthetic,True,rare_joint,,,synthetic,,,Загрузка производственных мощностей в ряде секторов снизилась относительно повышенных уровней предыдущего квартала.,Economic activity,Backward-looking,Dovish,5,1,1,,,False
synthetic_000273,synthetic,True,rare_joint,,,synthetic,,,"Динамика выпуска товаров и услуг стала более умеренной, указывая на постепенное охлаждение экономической активности.",Economic activity,Backward-looking,Dovish,5,1,1,,,False
synthetic_000274,synthetic,True,rare_joint,,,synthetic,,,Вклад потребительского спроса в рост экономики уменьшился после периода повышенной активности домохозяйств.,Economic activity,Backward-looking,Dovish,5,1,1,,,False
synthetic_000275,synthetic,True,rare_joint,,,synthetic,,,"Деловая активность в обрабатывающих отраслях росла медленнее, чем ранее, на фоне ослабления новых заказов.",Economic activity,Backward-looking,Dovish,5,1,1,,,False
synthetic_000276,synthetic,True,rare_joint,,,synthetic,,,"В ближайшие кварталы рост внутреннего спроса, как ожидается, останется сдержанным.",Economic activity,Forward-looking,Dovish,5,0,1,,,False
synthetic_000277,synthetic,True,rare_joint,,,synthetic,,,Ожидается дальнейшее замедление потребительской активности по мере исчерпания эффектов повышенного спроса.,Economic activity,Forward-looking,Dovish,5,0,1,,,False
synthetic_000278,synthetic,True,rare_joint,,,synthetic,,,Инвестиционный спрос в предстоящие месяцы будет расти более умеренными темпами.,Economic activity,Forward-looking,Dovish,5,0,1,,,False
synthetic_000279,synthetic,True,rare_joint,,,synthetic,,,Выпуск в ряде отраслей может увеличиваться медленнее на фоне ослабления внутреннего спроса.,Economic activity,Forward-looking,Dovish,5,0,1,,,False
synthetic_000280,synthetic,True,rare_joint,,,synthetic,,,В ближайшей перспективе ожидается более умеренная динамика деловой активности.,Economic activity,Forward-looking,Dovish,5,0,1,,,False
synthetic_000281,synthetic,True,rare_joint,,,synthetic,,,"Потребительский спрос, по прогнозу, продолжит постепенно охлаждаться.",Economic activity,Forward-looking,Dovish,5,0,1,,,False
synthetic_000282,synthetic,True,rare_joint,,,synthetic,,,Темпы расширения экономической активности в краткосрочном периоде останутся ограниченными.,Economic activity,Forward-looking,Dovish,5,0,1,,,False
synthetic_000283,synthetic,True,rare_joint,,,synthetic,,,Ожидаемое снижение темпов роста внутреннего спроса будет способствовать более сдержанной динамике выпуска.,Economic activity,Forward-looking,Dovish,5,0,1,,,False
synthetic_000284,synthetic,True,rare_joint,,,synthetic,,,"В ближайшие месяцы предприятия, вероятно, будут осторожнее подходить к расширению производства.",Economic activity,Forward-looking,Dovish,5,0,1,,,False
synthetic_000285,synthetic,True,rare_joint,,,synthetic,,,"Внутренний спрос оставался повышенным, поддерживая высокие темпы роста экономической активности.",Economic activity,Backward-looking,Hawkish,5,1,0,,,False
synthetic_000286,synthetic,True,rare_joint,,,synthetic,,,"Потребительская активность в последние месяцы сохранялась на высоком уровне, несмотря на ужесточение денежно-кредитных условий.",Economic activity,Backward-looking,Hawkish,5,1,0,,,False
synthetic_000287,synthetic,True,rare_joint,,,synthetic,,,Рост внутреннего спроса продолжал опережать возможности расширения предложения товаров и услуг.,Economic activity,Backward-looking,Hawkish,5,1,0,,,False
synthetic_000288,synthetic,True,rare_joint,,,synthetic,,,Экономическая активность оставалась высокой за счет устойчивого расширения потребительского и инвестиционного спроса.,Economic activity,Backward-looking,Hawkish,5,1,0,,,False
synthetic_000289,synthetic,True,rare_joint,,,synthetic,,,Темпы роста выпуска в ряде отраслей оставались повышенными на фоне сохраняющегося высокого спроса.,Economic activity,Backward-looking,Hawkish,5,1,0,,,False
synthetic_000290,synthetic,True,rare_joint,,,synthetic,,,Сохранение повышенного потребительского спроса может привести к более существенному отклонению выпуска вверх от потенциального уровня.,Economic activity,Forward-looking,Risk-highlighting,5,0,3,,,False
synthetic_000291,synthetic,True,rare_joint,,,synthetic,,,Дальнейшее расширение внутреннего спроса может усилить дисбаланс между спросом и производственными возможностями экономики.,Economic activity,Forward-looking,Risk-highlighting,5,0,3,,,False
synthetic_000292,synthetic,True,rare_joint,,,synthetic,,,"Более высокий, чем ожидается, рост потребительской активности способен поддерживать избыточный спрос в экономике.",Economic activity,Forward-looking,Risk-highlighting,5,0,3,,,False
synthetic_000293,synthetic,True,rare_joint,,,synthetic,,,Сохранение высокой инвестиционной активности может затруднить более сбалансированное расширение предложения.,Economic activity,Forward-looking,Risk-highlighting,5,0,3,,,False
synthetic_000294,synthetic,True,rare_joint,,,synthetic,,,Ускорение роста внутреннего спроса в ближайшие кварталы может сопровождаться усилением перегрева экономики.,Economic activity,Forward-looking,Risk-highlighting,5,0,3,,,False
synthetic_000295,synthetic,True,rare_joint,,,synthetic,,,Экономическая активность в ближайшие кварталы продолжит расширяться сбалансированными темпами.,Economic activity,Forward-looking,Confidence-building,5,0,4,,,False
synthetic_000296,synthetic,True,rare_joint,,,synthetic,,,Ожидается сохранение устойчивой динамики внутреннего спроса без формирования значительных дисбалансов.,Economic activity,Forward-looking,Confidence-building,5,0,4,,,False
synthetic_000297,synthetic,True,rare_joint,,,synthetic,,,"Выпуск товаров и услуг, по прогнозу, будет постепенно расти в соответствии с расширением производственных возможностей.",Economic activity,Forward-looking,Confidence-building,5,0,4,,,False
synthetic_000298,synthetic,True,rare_joint,,,synthetic,,,Деловая активность останется устойчивой благодаря постепенной адаптации предприятий к текущим условиям.,Economic activity,Forward-looking,Confidence-building,5,0,4,,,False
synthetic_000299,synthetic,True,rare_joint,,,synthetic,,,В ближайшей перспективе ожидается более сбалансированная структура экономического роста.,Economic activity,Forward-looking,Confidence-building,5,0,4,,,False
synthetic_000300,synthetic,True,rare_joint,,,synthetic,,,"Потребительская активность, как ожидается, будет поддерживаться стабильной динамикой доходов и сбережений.",Economic activity,Forward-looking,Confidence-building,5,0,4,,,False
synthetic_000301,synthetic,True,rare_joint,,,synthetic,,,Инвестиционная активность в базовом сценарии продолжит постепенно расширяться без признаков перегрева.,Economic activity,Forward-looking,Confidence-building,5,0,4,,,False
synthetic_000302,synthetic,True,rare_joint,,,synthetic,,,Дальнейшее ухудшение условий мировой торговли может оказать дополнительное давление на российскую экономику.,External conditions,Forward-looking,Risk-highlighting,7,0,3,,,False
synthetic_000303,synthetic,True,rare_joint,,,synthetic,,,Снижение внешнего спроса на российский экспорт может привести к более слабой динамике экономической активности.,External conditions,Forward-looking,Risk-highlighting,7,0,3,,,False
synthetic_000304,synthetic,True,rare_joint,,,synthetic,,,Усиление геополитической напряженности способно ухудшить внешние условия для российской экономики.,External conditions,Forward-looking,Risk-highlighting,7,0,3,,,False
synthetic_000305,synthetic,True,rare_joint,,,synthetic,,,Более существенное замедление мировой экономики может ограничить экспортные возможности российских компаний.,External conditions,Forward-looking,Risk-highlighting,7,0,3,,,False
synthetic_000306,synthetic,True,rare_joint,,,synthetic,,,Рост неопределенности на мировых финансовых рынках может ухудшить внешние финансовые условия.,External conditions,Forward-looking,Risk-highlighting,7,0,3,,,False
synthetic_000307,synthetic,True,rare_joint,,,synthetic,,,Дальнейшее расширение внешнеторговых ограничений может затруднить восстановление внешнеэкономической активности.,External conditions,Forward-looking,Risk-highlighting,7,0,3,,,False
synthetic_000308,synthetic,True,rare_joint,,,synthetic,,,Сохранение высокой волатильности мировых товарных рынков может усилить неопределенность внешних условий.,External conditions,Forward-looking,Risk-highlighting,7,0,3,,,False
synthetic_000309,synthetic,True,rare_joint,,,synthetic,,,Более слабый рост мировой экономики способен привести к снижению спроса на сырьевой экспорт.,External conditions,Forward-looking,Risk-highlighting,7,0,3,,,False
synthetic_000310,synthetic,True,rare_joint,,,synthetic,,,Ужесточение глобальных финансовых условий может ограничить доступ российских компаний к внешнему финансированию.,External conditions,Forward-looking,Risk-highlighting,7,0,3,,,False
synthetic_000311,synthetic,True,rare_joint,,,synthetic,,,Дополнительные ограничения в международной логистике могут привести к росту издержек внешней торговли.,External conditions,Forward-looking,Risk-highlighting,7,0,3,,,False
synthetic_000312,synthetic,True,rare_joint,,,synthetic,,,Снижение мировых цен на сырьевые товары может ухудшить условия внешней торговли.,External conditions,Forward-looking,Risk-highlighting,7,0,3,,,False
synthetic_000313,synthetic,True,rare_joint,,,synthetic,,,Усиление фрагментации мировой экономики может ограничить потенциал расширения внешнеэкономических связей.,External conditions,Forward-looking,Risk-highlighting,7,0,3,,,False
synthetic_000314,synthetic,True,rare_joint,,,synthetic,,,Дальнейшее ухудшение глобального инвестиционного климата может негативно сказаться на внешнем спросе.,External conditions,Forward-looking,Risk-highlighting,7,0,3,,,False
synthetic_000315,synthetic,True,rare_joint,,,synthetic,,,Рост мировых цен на сырьевые товары усилил внешнее инфляционное давление.,External conditions,Backward-looking,Hawkish,7,1,0,,,False
synthetic_000316,synthetic,True,rare_joint,,,synthetic,,,Ужесточение глобальных финансовых условий способствовало усилению внешних инфляционных факторов.,External conditions,Backward-looking,Hawkish,7,1,0,,,False
synthetic_000317,synthetic,True,rare_joint,,,synthetic,,,Повышение мировых цен на продовольствие оказывало дополнительное давление на внутренние цены.,External conditions,Backward-looking,Hawkish,7,1,0,,,False
synthetic_000318,synthetic,True,rare_joint,,,synthetic,,,Сохранявшиеся ограничения во внешней торговле способствовали росту издержек компаний.,External conditions,Backward-looking,Hawkish,7,1,0,,,False
synthetic_000319,synthetic,True,rare_joint,,,synthetic,,,Усиление внешних логистических ограничений привело к удорожанию импортных поставок.,External conditions,Backward-looking,Hawkish,7,1,0,,,False
synthetic_000320,synthetic,True,rare_joint,,,synthetic,,,Высокая волатильность мировых товарных рынков поддерживала повышенное ценовое давление.,External conditions,Backward-looking,Hawkish,7,1,0,,,False
synthetic_000321,synthetic,True,rare_joint,,,synthetic,,,Ослабление внешнего предложения отдельных товаров способствовало ускорению роста импортных цен.,External conditions,Backward-looking,Hawkish,7,1,0,,,False
synthetic_000322,synthetic,True,rare_joint,,,synthetic,,,Рост издержек международных перевозок усиливал внешнее давление на динамику цен.,External conditions,Backward-looking,Hawkish,7,1,0,,,False
synthetic_000323,synthetic,True,rare_joint,,,synthetic,,,Ожидаемое смягчение глобальных финансовых условий может способствовать снижению внешнего инфляционного давления.,External conditions,Forward-looking,Dovish,7,0,1,,,False
synthetic_000324,synthetic,True,rare_joint,,,synthetic,,,Снижение мировых цен на продовольствие может ограничить рост импортируемой инфляции.,External conditions,Forward-looking,Dovish,7,0,1,,,False
synthetic_000325,synthetic,True,rare_joint,,,synthetic,,,Улучшение условий международной логистики способно снизить издержки внешних поставок.,External conditions,Forward-looking,Dovish,7,0,1,,,False
synthetic_000326,synthetic,True,rare_joint,,,synthetic,,,Более умеренная динамика мировой экономической активности может способствовать ослаблению внешнего ценового давления.,External conditions,Forward-looking,Dovish,7,0,1,,,False
synthetic_000327,synthetic,True,rare_joint,,,synthetic,,,Ожидаемое снижение волатильности мировых товарных рынков может способствовать стабилизации внешних условий.,External conditions,Forward-looking,Dovish,7,0,1,,,False
synthetic_000328,synthetic,True,rare_joint,,,synthetic,,,Ожидаемая стабилизация мировых товарных рынков будет способствовать более предсказуемым внешним условиям.,External conditions,Forward-looking,Confidence-building,7,0,4,,,False
synthetic_000329,synthetic,True,rare_joint,,,synthetic,,,Постепенное восстановление международной логистики может снизить внешние ограничения для поставок товаров.,External conditions,Forward-looking,Confidence-building,7,0,4,,,False
synthetic_000330,synthetic,True,rare_joint,,,synthetic,,,Улучшение внешнеторговых условий способно поддержать устойчивость внешнеэкономической деятельности.,External conditions,Forward-looking,Confidence-building,7,0,4,,,False
synthetic_000331,synthetic,True,rare_joint,,,synthetic,,,Снижение волатильности на мировых финансовых рынках может способствовать нормализации внешних финансовых условий.,External conditions,Forward-looking,Confidence-building,7,0,4,,,False
synthetic_000332,synthetic,True,rare_joint,,,synthetic,,,Более устойчивый рост мировой экономики может поддержать стабильный внешний спрос на российский экспорт.,External conditions,Forward-looking,Confidence-building,7,0,4,,,False
synthetic_000333,synthetic,True,rare_joint,,,synthetic,,,Мировая экономическая активность в отчетном периоде росла неравномерно по регионам.,External conditions,Backward-looking,Neutral,7,1,2,,,False
synthetic_000334,synthetic,True,rare_joint,,,synthetic,,,Динамика мировых цен на сырьевые товары оставалась разнонаправленной.,External conditions,Backward-looking,Neutral,7,1,2,,,False
synthetic_000335,synthetic,True,rare_joint,,,synthetic,,,Внешние финансовые условия в последние месяцы существенно не изменились.,External conditions,Backward-looking,Neutral,7,1,2,,,False
synthetic_000336,synthetic,True,rare_joint,,,synthetic,,,Условия внешней торговли оставались вблизи уровней предыдущего квартала.,External conditions,Backward-looking,Neutral,7,1,2,,,False
synthetic_000337,synthetic,True,rare_joint,,,synthetic,,,Глобальные товарные рынки сохраняли повышенную волатильность в течение отчетного периода.,External conditions,Backward-looking,Neutral,7,1,2,,,False
